Task name,Assignee,Description,Due date,Effort level,Past due,Priority,Status,Task type,Updated at
Service Offer: After Hours Support,Akio Adachi,,01/14/2026,Large,⏰ Past Due,High,Done,"Graphics, Marketing","January 20, 2026 7:24 AM"
OSH Transcription & Graphic,,,01/14/2026,Small,⏰ Past Due,High,Done,"Graphics, HR Request","January 15, 2026 7:32 AM"
Updated Email Banners,"Akio Adachi, Ivan ",,01/20/2026,Large,⏰ Past Due,Medium,On Hold/Waiting for Material,"Graphics, Multimedia","January 20, 2026 1:51 PM"
PRTNA Virtual Background Background,,,01/15/2026,Small,⏰ Past Due,Low,Done,"Graphics, HR Request","January 15, 2026 8:16 AM"
Strata Staff Tarp,"Ivan ",,,,,,Not started,Marketing,"January 20, 2026 8:26 AM"
Socmed Cover Photo and Profile Picture,"Akio Adachi, Ivan ",,01/19/2026,,⏰ Past Due,,Done,Marketing,"January 20, 2026 1:51 PM"
Throwback Thursday: YEP 2025,Akio Adachi,,01/15/2026,,⏰ Past Due,Medium,Done,Marketing,"January 20, 2026 7:24 AM"
Requested Updates for Canada Deck,"Ivan ",,01/16/2026,,⏰ Past Due,Medium,Done,Sales Request,"January 16, 2026 7:30 AM"
PRTNA PVC ID For Ms. Des,"Ivan ",,01/16/2026,,⏰ Past Due,High,On Hold/Waiting for Material,Multimedia,"January 20, 2026 8:26 AM"
Marketing and Multimedia Process,Akio Adachi,,,,,,In progress,,"January 15, 2026 9:07 AM"
Marketing and Multimedia Policy,Akio Adachi,,,,,,In progress,"Marketing, Multimedia","January 21, 2026 9:54 AM"
Customer Service Day Content,"Akio Adachi, Ivan ",,01/16/2026,,⏰ Past Due,Medium,Done,"Graphics, Holiday, Marketing","January 20, 2026 7:24 AM"
Sales Deck Update for AU,"Ivan , Akio Adachi",,,,,Low,Done,Marketing,"February 4, 2026 11:54 AM"
FB Ads Additional (Property Management Admin),Akio Adachi,,01/19/2026,,⏰ Past Due,Medium,Done,HR Request,"January 19, 2026 2:38 PM"
Photoshoot for Email Banner,"Ivan ",,,,,,Not started,"Marketing, Multimedia","January 20, 2026 7:25 AM"
QBR Report Marketing,Akio Adachi,,,,,,Not started,Marketing,"January 20, 2026 7:25 AM"
QBR Report Multimedia,"Ivan ",,,,,,Not started,Multimedia,"January 20, 2026 7:25 AM"
Monthly Report Marketing,Akio Adachi,,,,,,In progress,Marketing,"February 3, 2026 1:43 PM"
Monthly Report Multimedia,"Ivan ",,,,,,Not started,Multimedia,"February 3, 2026 1:41 PM"
LinkedIn Ad Content,Akio Adachi,,,,,,Not started,Marketing,"January 20, 2026 7:24 AM"
FB Careers Ads: January,Akio Adachi,,,,,,Done,HR Request,"May 5, 2026 9:20 AM"
FB Main Ads: January,Akio Adachi,,,,,,Done,Marketing,"February 2, 2026 12:52 PM"
Horner Staff Photoshoot,"Ivan ",,01/19/2026,,⏰ Past Due,,Done,,"January 19, 2026 2:38 PM"
Canada Content Marketing,Akio Adachi,,,,,,In progress,Sales Request,"January 22, 2026 12:30 PM"
Wrap Up Friday 01/30,"Akio Adachi, Ivan ",,,,,,Done,,"January 29, 2026 3:03 PM"
Retention & Engagement Update,"Ivan ",,01/20/2026,,⏰ Past Due,,Done,,"January 20, 2026 8:26 AM"
Stratify: SD Request (Reactive Leadership),"Ivan ",,,,,,Done,SD Request,"January 20, 2026 7:34 AM"
Careers: BDR Job Post,"Akio Adachi, Ivan ",,,,,High,Done,HR Request,"January 22, 2026 1:31 PM"
Careers: Carousel Post,Akio Adachi,,,,,High,Done,HR Request,"January 20, 2026 8:50 AM"
"Marketing Content: Page12 ","Ivan ",,,,,,Done,,"January 23, 2026 8:51 AM"
Happy Australia Day (Jan 26),"Akio Adachi, Ivan ",,01/26/2026,,⏰ Past Due,,Done,,"January 23, 2026 4:36 PM"
Strata Academy Graduation,"Ivan , Akio Adachi",,01/26/2026,,⏰ Past Due,,Done,,"January 27, 2026 6:26 AM"
Updated Desktop Wallpaper,"Ivan ",,01/30/2026,,⏰ Past Due,,Done,,"January 26, 2026 11:00 AM"
"L&D Modules, Lesson Plan, Visual Presentation, Certificates","Ivan ",,,,,,Done,,"January 28, 2026 6:04 AM"
Birthday Celebrants (February),"Ivan ",,,,,,Done,HR Request,"January 28, 2026 1:28 PM"
Anniversaries (February),"Ivan ",,,,,,Done,,"January 28, 2026 1:45 PM"
Regularizations (February),"Ivan ",,,,,,Done,,"January 28, 2026 1:50 PM"
Signature Strata Mock Up Polo Shirt,"Akio Adachi, Ivan ",,02/03/2026,,⏰ Past Due,,Done,,"February 2, 2026 10:22 AM"
FB Careers: January New Hires,"Akio Adachi, Ivan ",,,,,,Done,,"February 3, 2026 8:04 AM"
HR Content,"Akio Adachi, Ivan ",,,,,,In progress,,"February 4, 2026 1:59 PM"
The Knight Holiday Swap Graphic,"Ivan ",,,,,,Done,,"February 6, 2026 2:26 PM"
Wrap Up Friday 1/13,"Akio Adachi, Ivan ",,,,,,Done,,"February 16, 2026 7:27 AM"
SD Stratafy,"Ivan ",,,,,,Done,,"February 10, 2026 7:40 AM"
Catch Up Deck for CSM,"Ivan ",,,,,,Done,,"February 20, 2026 9:46 AM"
VDAY PREP HR,"Ivan , Akio Adachi",,,,,,Done,,"February 16, 2026 7:27 AM"
CA Sales Deck Update,"Ivan ",,,,,,Done,,"February 26, 2026 1:23 PM"
New PRTNA Banner,"Ivan ",,,,,,Done,,"February 16, 2026 1:50 PM"
Corporate Anniversary Graphic,"Akio Adachi, Ivan ",,,,,,Not started,,"February 18, 2026 7:27 AM"
300 Employees Term and Graphics,"Akio Adachi, Ivan ",,,,,,Done,,"March 19, 2026 1:24 PM"
Congratulatory Graphic for ESM Patty,,,,,,,Done,,"February 18, 2026 8:47 AM"
"Email Header (You are Valued,,,)",,,,,,,Done,,"February 18, 2026 8:47 AM"
Urgent Hiring CC Graphic,"Ivan , Akio Adachi",,,,,,Done,,"February 19, 2026 1:27 PM"
Welcome Banner for CNG,"Ivan ",,02/20/2026,,⏰ Past Due,,Done,,"February 20, 2026 8:12 AM"
"SD: ""Strata Staff Collaboration + Teams Working Together = Great Outcomes”",,,,,,,Done,,"February 23, 2026 8:21 AM"
Urgent Hiring Graphic: Accountant,"Ivan , Akio Adachi",,,,,,Done,,"February 23, 2026 8:51 AM"
March Marketing Post,"Akio Adachi, Ivan ",,,,,,Not started,,"March 25, 2026 8:17 AM"
Hyper Care Support Banner,"Ivan ",,,,,,Done,,"February 26, 2026 1:01 PM"
,,,,,,,Not started,,"March 2, 2026 8:08 AM"